brand,brand_mean,brand_std
SAMSUNG,81911.61111111111,24078.074862313293
