brand,brand_mean,brand_std
AMAZON,289.0,0.0
SAMSUNG,82495.98701298701,28760.68048362917
