Model,RMSE,R2
rf,0.10683524626738798,-25.19967399164072
lr,0.14343266684891995,-46.224016627289906
