Model,RMSE,R2
rf,0.004899928094444189,0.9954695046866366
lr,0.0024596324880240025,0.9988584190490728
